<?xml version='1.0'?>
<home version='5200' exportFlags='27' name='RpoPrchsn.sh3d' structure='HomeStructure/Home.obj' camera='topCamera' selectedLevel='level10'>
  <environment groundColor='00A8A8A8' skyColor='00CCE4FC' lightColor='00D0D0D0' wallsAlpha='0.0' allLevelsVisible='true'>
    <texture attribute='groundTexture' name='Grass' catalogId='eTeksScopia#grass' width='80.0' height='80.0' image='0'/>
  </environment>
  <observerCamera attribute='observerCamera' lens='PINHOLE' x='1042.2355' y='-1954.9785' z='523.8001' yaw='-18.911816' pitch='0.073107526' fieldOfView='1.5707964' time='1475748000027' fixedSize='true'/>
  <camera attribute='topCamera' lens='PINHOLE' x='1176.2607' y='-4141.6235' z='372.90002' yaw='-37.75326' pitch='0.0' fieldOfView='1.0995575' time='1475748000475'/>
  <observerCamera attribute='storedCamera' name='frente trasero' lens='PINHOLE' x='1042.2355' y='-1954.9785' z='523.8001' yaw='-18.911816' pitch='0.073107526' fieldOfView='1.5707964' time='1475748000027' fixedSize='true'/>
  <observerCamera attribute='storedCamera' name='lateral trasero derecho' lens='PINHOLE' x='-145.53372' y='-1406.6965' z='523.8001' yaw='-19.575129' pitch='0.15810761' fieldOfView='1.5707964' time='1475748000027' fixedSize='true'/>
  <observerCamera attribute='storedCamera' name='lateral trasero izq' lens='PINHOLE' x='2588.2168' y='-1624.0979' z='204.00009' yaw='-18.23612' pitch='-0.0018923925' fieldOfView='1.5707964' time='1475748000027' fixedSize='true'/>
  <level id='level0' name='Escalera0' elevation='0.0' floorThickness='12.0' height='18.000002' elevationIndex='0'/>
  <level id='level1' name='Escalera1' elevation='18.0' floorThickness='1.0' height='18.000002' elevationIndex='0'/>
  <level id='level2' name='Escalera2' elevation='36.0' floorThickness='1.0' height='18.000002' elevationIndex='0'/>
  <level id='level3' name='Metal0' elevation='54.000004' floorThickness='0.1' height='18.000002' elevationIndex='0'/>
  <level id='level4' name='Primer piso' elevation='72.00001' floorThickness='0.1' height='243.8' elevationIndex='0'/>
  <level id='level5' name='Metal1' elevation='315.80002' floorThickness='0.10000001' height='40.0' elevationIndex='0'/>
  <level id='level6' name='Bloques garaje' elevation='315.80002' floorThickness='10.0' height='40.0' elevationIndex='1'/>
  <level id='level7' name='Piso garaje' elevation='335.80002' floorThickness='20.0' height='20.0' elevationIndex='0'/>
  <level id='level8' name='Segundo Piso' elevation='355.80002' floorThickness='0.10000001' height='263.80002' elevationIndex='0'/>
  <level id='level9' name='balcon ppal' elevation='355.80002' floorThickness='0.10000001' height='263.80002' elevationIndex='1' viewable='false'/>
  <level id='level10' name='Balcon falso' elevation='355.80002' floorThickness='40.0' height='263.80002' elevationIndex='2'/>
  <level id='level11' name='MetalBaño' elevation='559.60004' floorThickness='0.10000001' height='40.0' elevationIndex='0'/>
  <level id='level12' name='balcon falso 2' elevation='595.80005' floorThickness='0.10000001' height='263.80002' elevationIndex='0'/>
  <level id='level13' name='Metal2' elevation='599.6' floorThickness='0.10000001' height='243.84' elevationIndex='0'/>
  <level id='level14' name='metal2ext' elevation='599.6' floorThickness='0.10000001' height='40.0' elevationIndex='1'/>
  <level id='level15' name='Techos2' elevation='640.0' floorThickness='20.0' height='40.0' elevationIndex='0'/>
  <level id='level16' name='Techo2ext' elevation='640.0' floorThickness='20.0' height='40.0' elevationIndex='1'/>
  <level id='level17' name='MetalHabPpal' elevation='705.8' floorThickness='0.10000001' height='40.0' elevationIndex='0' viewable='false'/>
  <level id='level18' name='metal ppal ext' elevation='705.8' floorThickness='0.10000001' height='40.0' elevationIndex='1' viewable='false'/>
  <level id='level19' name='metal balcon falso' elevation='705.8' floorThickness='0.10000001' height='40.0' elevationIndex='2'/>
  <level id='level20' name='TechosPPal' elevation='745.80005' floorThickness='20.0' height='40.0' elevationIndex='0' viewable='false'/>
  <level id='level21' name='techo ppal ext' elevation='745.80005' floorThickness='20.0' height='40.0' elevationIndex='1' viewable='false'/>
  <level id='level22' name='techo balcon falso' elevation='745.80005' floorThickness='20.0' height='40.0' elevationIndex='2'/>
  <furnitureGroup level='level4' name='Group -2-' x='1067.745' y='-523.9409' angle='3.1415927' width='630.9004' depth='7.6207886' height='243.8' movable='false' doorOrWindow='true'>
    <doorOrWindow level='level4' name='Fixed window' catalogId='eTeks#fixedWindow85x123' creator='eTeks' model='2/model.obj' x='857.4448' y='-523.9409' angle='3.1415927' width='210.3' depth='7.62075' height='243.8' color='FF040B1A' movable='false'/>
    <doorOrWindow level='level4' name='Fixed window' catalogId='eTeks#fixedWindow85x123' creator='eTeks' model='2/model.obj' x='1066.6952' y='-523.9409' angle='3.1415927' width='211.0' depth='7.62075' height='243.8' color='FF040B1A' movable='false'/>
    <doorOrWindow level='level4' name='Fixed window' catalogId='eTeks#fixedWindow85x123' creator='eTeks' model='2/model.obj' x='1277.6952' y='-523.9409' angle='3.1415927' width='211.0' depth='7.62075' height='243.8' color='FF040B1A' movable='false'/>
  </furnitureGroup>
  <furnitureGroup level='level4' name='Group -1-' x='1699.8607' y='-523.9409' angle='1.7484555E-7' width='585.59985' depth='7.6208496' height='243.8' movable='false' doorOrWindow='true'>
    <doorOrWindow level='level4' name='Fixed window' catalogId='eTeks#fixedWindow85x123' creator='eTeks' model='2/model.obj' x='1506.2607' y='-523.9409' angle='1.7484555E-7' width='198.40001' depth='7.62075' height='243.79999' color='FF040B1A' movable='false'/>
    <doorOrWindow level='level4' name='Fixed window' catalogId='eTeks#fixedWindow85x123' creator='eTeks' model='2/model.obj' x='1702.9607' y='-523.9409' angle='1.7484555E-7' width='195.0' depth='7.62075' height='243.79999' color='FF040B1A' movable='false'/>
    <doorOrWindow level='level4' name='Fixed window' catalogId='eTeks#fixedWindow85x123' creator='eTeks' model='2/model.obj' x='1896.5607' y='-523.9409' angle='3.1415927' width='192.2' depth='7.62075' height='243.79999' color='FF040B1A' movable='false'/>
  </furnitureGroup>
  <doorOrWindow level='level4' name='Fixed window' catalogId='eTeks#fixedWindow85x123' creator='eTeks' model='2/model.obj' x='2002.4216' y='-411.24374' angle='1.5707964' width='191.2' depth='7.62075' height='243.8' color='FF040B1A' movable='false'/>
  <doorOrWindow level='level4' name='Slider pocket door' catalogId='OlaKristianHoff#sliderPocketDoor' creator='Ola-Kristian Hoff' model='4/sliderPocketDoor.obj' x='748.20575' y='-143.879' angle='1.5707964' width='94.8' depth='7.62075' height='212.5' movable='false'/>
  <doorOrWindow level='level4' name='Fixed window' catalogId='eTeks#fixedWindow85x123' creator='eTeks' model='2/model.obj' x='319.42157' y='-416.1806' elevation='87.0' angle='4.712389' width='102.5' depth='7.62075' height='134.0' color='FF040B1A' movable='false'/>
  <doorOrWindow level='level4' name='Fixed window' catalogId='eTeks#fixedWindow85x123' creator='eTeks' model='2/model.obj' x='319.42157' y='-283.31134' elevation='87.0' angle='1.5707964' width='102.5' depth='7.62075' height='134.0' color='FF040B1A' movable='false'/>
  <doorOrWindow level='level4' name='Fixed window' catalogId='eTeks#fixedWindow85x123' creator='eTeks' model='2/model.obj' x='319.42157' y='-149.38727' elevation='87.0' angle='1.5707964' width='102.5' depth='7.62075' height='134.0' color='FF040B1A' movable='false'/>
  <doorOrWindow level='level4' name='Slider pocket door' catalogId='OlaKristianHoff#sliderPocketDoor' creator='Ola-Kristian Hoff' model='4/sliderPocketDoor.obj' x='497.76306' y='-213.68579' width='72.5' depth='7.62075' height='212.5' movable='false'/>
  <pieceOfFurniture level='level4' name='Straight staircase' catalogId='OlaKristianHoff#stairs_legal' creator='Ola-Kristian Hoff' model='7/stairs_legal.obj' x='1183.1705' y='-94.750916' angle='4.712389' width='115.0' depth='438.0' height='380.0' movable='false'/>
  <doorOrWindow level='level8' name='Fixed window' catalogId='eTeks#fixedWindow85x123' creator='eTeks' model='2/model.obj' x='2002.4216' y='-411.24374' angle='1.5707964' width='191.2' depth='7.62075' height='243.8' color='FF040B1A' movable='false'/>
  <furnitureGroup level='level8' name='Group -3-' x='1700.4894' y='-523.9409' angle='3.1415927' width='585.60034' depth='7.6207886' height='243.79999' movable='false' doorOrWindow='true'>
    <doorOrWindow level='level8' name='Fixed window' catalogId='eTeks#fixedWindow85x123' creator='eTeks' model='2/model.obj' x='1506.8893' y='-523.941' angle='3.1415927' width='198.40009' depth='7.62075' height='243.79999' color='FF040B1A' movable='false'/>
    <doorOrWindow level='level8' name='Fixed window' catalogId='eTeks#fixedWindow85x123' creator='eTeks' model='2/model.obj' x='1703.5894' y='-523.9409' angle='3.1415927' width='195.00008' depth='7.62075' height='243.79999' color='FF040B1A' movable='false'/>
    <doorOrWindow level='level8' name='Fixed window' catalogId='eTeks#fixedWindow85x123' creator='eTeks' model='2/model.obj' x='1897.1895' y='-523.9409' angle='3.1415927' width='192.20007' depth='7.62075' height='243.79999' color='FF040B1A' movable='false'/>
  </furnitureGroup>
  <doorOrWindow level='level8' name='Fixed window' catalogId='eTeks#fixedWindow85x123' creator='eTeks' model='2/model.obj' x='1106.0754' y='-863.267' angle='9.535255E-8' width='186.5' depth='7.62075' height='243.8' color='FF040B1A' movable='false'/>
  <doorOrWindow level='level8' name='Fixed window' catalogId='eTeks#fixedWindow85x123' creator='eTeks' model='2/model.obj' x='1291.2771' y='-863.267' angle='9.535255E-8' width='183.6' depth='7.62075' height='243.8' color='FF040B1A' movable='false'/>
  <doorOrWindow level='level8' name='Fixed window' catalogId='eTeks#fixedWindow85x123' creator='eTeks' model='2/model.obj' x='882.28217' y='-863.2671' elevation='163.8' angle='9.672765E-8' width='198.0' depth='7.62075' height='80.0' color='FF040B1A' movable='false'/>
  <doorOrWindow level='level8' name='Fixed window' catalogId='eTeks#fixedWindow85x123' creator='eTeks' model='2/model.obj' x='209.82156' y='-369.63232' elevation='123.8' angle='1.5707964' width='198.0' depth='7.62075' height='80.0' color='FF040B1A' movable='false'/>
  <doorOrWindow level='level8' name='Quadruple French window' catalogId='Scopia#window_4x1' creator='Scopia' model='9/window_4x1.obj' x='460.58682' y='-31.24347' angle='6.283185' width='250.3' depth='10.015607' height='218.0' movable='false'/>
  <doorOrWindow level='level8' name='Quadruple French window' catalogId='Scopia#window_4x1' creator='Scopia' model='9/window_4x1.obj' x='463.48898' y='-553.9645' angle='3.1415927' width='250.3' depth='10.015607' height='218.0' movable='false'/>
  <doorOrWindow level='level8' name='Slider pocket door' catalogId='OlaKristianHoff#sliderPocketDoor' creator='Ola-Kristian Hoff' model='4/sliderPocketDoor.obj' x='656.6572' y='-402.26703' angle='1.7484555E-7' width='94.8' depth='7.62075' height='212.5' movable='false'/>
  <doorOrWindow level='level8' name='Slider pocket door' catalogId='OlaKristianHoff#sliderPocketDoor' creator='Ola-Kristian Hoff' model='4/sliderPocketDoor.obj' x='1082.7057' y='-402.26703' width='121.5' depth='7.62075' height='212.5' movable='false'/>
  <doorOrWindow level='level8' name='Slider pocket door' catalogId='OlaKristianHoff#sliderPocketDoor' creator='Ola-Kristian Hoff' model='4/sliderPocketDoor.obj' x='1005.02155' y='-691.9088' angle='4.712389' width='91.0' depth='7.62075' height='212.5' movable='false'/>
  <doorOrWindow level='level8' name='Door' catalogId='Scopia#door' creator='Scopia' model='11/door.obj' x='1716.5032' y='220.66504' angle='4.712389' width='96.0' depth='17.780748' height='210.0' movable='false'/>
  <doorOrWindow level='level8' name='Front door' catalogId='Artist373#frontDoorDark' creator='Pencilart' model='13/model.obj' x='826.98914' y='126.75325' angle='3.1415927' width='147.0' depth='9.237113' height='205.0' movable='false'/>
  <doorOrWindow level='level8' name='Door' catalogId='eTeks#door' creator='eTeks' model='15/model.obj' x='2262.7925' y='778.4881' angle='1.5707964' width='91.4' depth='14.839428' height='208.3' movable='false'/>
  <doorOrWindow level='level8' name='Door' catalogId='eTeks#door' creator='eTeks' model='15/model.obj' x='2262.7925' y='533.5601' angle='1.5707964' width='70.5' depth='14.839428' height='208.3' movable='false'/>
  <doorOrWindow level='level8' name='Double door' catalogId='Scopia#double_door_2' creator='Scopia' model='17/double_door_2.obj' x='2171.3384' y='909.5504' angle='1.7484555E-7' width='150.0' depth='17.780748' height='210.0' movable='false'/>
  <doorOrWindow level='level8' name='Fixed window' catalogId='eTeks#fixedWindow85x123' creator='eTeks' model='2/model.obj' x='2265.3857' y='459.94226' elevation='127.8' angle='1.5707964' width='50.5' depth='7.62075' height='80.0' color='FF040B1A' movable='false'/>
  <doorOrWindow level='level8' name='Fixed window' catalogId='eTeks#fixedWindow85x123' creator='eTeks' model='2/model.obj' x='2265.3857' y='350.8944' elevation='127.8' angle='1.5707964' width='90.5' depth='7.62075' height='80.0' color='FF040B1A' movable='false'/>
  <doorOrWindow level='level8' name='Door' catalogId='eTeks#door' creator='eTeks' model='15/model.obj' x='2137.027' y='285.33966' angle='3.1415927' width='70.5' depth='14.839428' height='208.3' movable='false'/>
  <doorOrWindow level='level8' name='Fixed window' catalogId='eTeks#fixedWindow85x123' creator='eTeks' model='2/model.obj' x='2097.706' y='-32.44092' angle='6.283185' width='170.0' depth='7.62075' height='243.8' color='FF040B1A' movable='false'/>
  <doorOrWindow level='level8' name='Fixed window' catalogId='eTeks#fixedWindow85x123' creator='eTeks' model='2/model.obj' x='2194.7683' y='126.40611' angle='1.5707964' width='296.80002' depth='7.62075' height='243.8' color='FF040B1A' movable='false'/>
  <doorOrWindow level='level8' name='Fixed window' catalogId='eTeks#fixedWindow85x123' creator='eTeks' model='2/model.obj' x='371.8107' y='-863.267' angle='6.283185' width='29.0' depth='7.62075' height='243.8' color='FF040B1A' movable='false'/>
  <doorOrWindow level='level8' name='Fixed window' catalogId='eTeks#fixedWindow85x123' creator='eTeks' model='2/model.obj' x='962.02155' y='46.079967' angle='1.5707964' width='137.2' depth='7.62075' height='243.8' color='FF2B2B2B' movable='false'/>
  <pieceOfFurniture level='level17' name='Flat roof skylight bubble' catalogId='OlaKristianHoff#window_flat_roof_skylight_bubble' creator='Ola-Kristian Hoff' model='19/window_flat_roof_skylight_bubble.obj' x='849.9958' y='-492.83142' elevation='30.000002' width='100.0' depth='100.0' height='45.0' movable='false'/>
  <pieceOfFurniture level='level13' name='Flat roof skylight bubble' catalogId='OlaKristianHoff#window_flat_roof_skylight_bubble' creator='Ola-Kristian Hoff' model='19/window_flat_roof_skylight_bubble.obj' x='2170.6282' y='699.2438' elevation='30.0' width='100.0' depth='100.0' height='45.0' movable='false'/>
  <pieceOfFurniture level='level6' name='ramp' model='21/ramp.obj' x='1376.179' y='597.84296' width='196.40001' depth='612.2' height='22.0' modelRotation='1 0 0 0 0 1 0 -1 0'/>
  <pieceOfFurniture level='level4' name='Armchair' catalogId='Blend Swap CC-0#modernArmchair' creator='Dreadbwai' model='23/modernArmchair.obj' x='984.0693' y='-603.66205' angle='3.6651917' width='77.3' depth='84.9' height='86.5'/>
  <pieceOfFurniture level='level4' name='Armchair' catalogId='Blend Swap CC-0#modernArmchair' creator='Dreadbwai' model='23/modernArmchair.obj' x='1209.3282' y='-739.6291' angle='1.3089969' width='77.3' depth='84.9' height='86.5'/>
  <pieceOfFurniture level='level4' name='Armchair' catalogId='Blend Swap CC-0#modernArmchair' creator='Dreadbwai' model='23/modernArmchair.obj' x='969.86346' y='-743.6879' angle='4.712389' width='77.3' depth='84.9' height='86.5'/>
  <pieceOfFurniture level='level4' name='Coffee table' catalogId='Blonk#salontafel' creator='Theo Blonk' model='25/salontafel.obj' x='1098.9163' y='-685.40393' width='100.0' depth='100.0' height='30.0'/>
  <pieceOfFurniture level='level1' name='Jacuzzi' catalogId='Scopia#jacuzzi' creator='Scopia' model='27/jacuzzi.obj' x='2400.8267' y='-412.37964' width='228.0' depth='228.0' height='94.8' movable='false'/>
  <pieceOfFurniture level='level1' name='Armchair' catalogId='Blend Swap CC-0#modernArmchair' creator='Dreadbwai' model='23/modernArmchair.obj' x='2372.1519' y='-985.18195' angle='5.497787' width='77.3' depth='84.9' height='86.5'/>
  <pieceOfFurniture level='level1' name='Armchair' catalogId='Blend Swap CC-0#modernArmchair' creator='Dreadbwai' model='23/modernArmchair.obj' x='2583.2058' y='-973.0058' angle='0.7853982' width='77.3' depth='84.9' height='86.5'/>
  <pieceOfFurniture level='level1' name='Armchair' catalogId='Blend Swap CC-0#modernArmchair' creator='Dreadbwai' model='23/modernArmchair.obj' x='2581.176' y='-788.3338' angle='2.3561945' width='77.3' depth='84.9' height='86.5'/>
  <pieceOfFurniture level='level1' name='Armchair' catalogId='Blend Swap CC-0#modernArmchair' creator='Dreadbwai' model='23/modernArmchair.obj' x='2372.152' y='-794.42206' angle='3.926991' width='77.3' depth='84.9' height='86.5'/>
  <pieceOfFurniture level='level1' name='Deck chair' catalogId='Blend Swap CC-BY#chair_deck' creator='North.star' model='29/chair_deck.obj' x='2637.0823' y='-533.7446' angle='3.1415927' width='67.4' depth='208.5' height='55.3'/>
  <pieceOfFurniture level='level1' name='Deck chair' catalogId='Blend Swap CC-BY#chair_deck' creator='North.star' model='29/chair_deck.obj' x='2184.535' y='-517.50977' angle='3.1415927' width='67.4' depth='208.5' height='55.3'/>
  <pieceOfFurniture level='level1' name='Wood logs' catalogId='Scopia#wood_logs' creator='Scopia' model='31/wood_logs.obj' x='2469.3257' y='-887.1551' width='40.3' depth='69.9' height='31.800001'/>
  <pieceOfFurniture level='level4' name='Sofa' catalogId='Scopia#sofa_white_beige' creator='Scopia' model='33/sofa_white_beige.obj' x='1714.1844' y='-430.78693' width='173.8' depth='81.6' height='85.0'/>
  <pieceOfFurniture level='level4' name='Sofa' catalogId='Scopia#sofa_white_beige' creator='Scopia' model='33/sofa_white_beige.obj' x='1716.214' y='-122.324036' angle='3.1415927' width='173.8' depth='81.6' height='85.0'/>
  <pieceOfFurniture level='level4' name='Coffee table' catalogId='Scopia#saloon_table' creator='Scopia' model='35/saloon_table.obj' x='1737.7922' y='-283.27594' width='143.90001' depth='64.1' height='51.100002' modelRotation='0 0 -1 0 1 0 1 0 0'/>
  <pieceOfFurniture level='level4' name='Armchair' catalogId='Kator Legaz#mid-century-chair' creator='Kator Legaz' model='37/mid-century-chair.obj' x='1548.3608' y='-307.6253' angle='4.712389' width='73.5' depth='84.4' height='80.0'>
    <material name='TEXTILE_generic'>
      <texture name='Dark leather' catalogId='eTeksScopia#dark-leather' width='50.0' height='50.0' image='38'/>
    </material>
  </pieceOfFurniture>
  <pieceOfFurniture level='level4' name='Armchair' catalogId='Kator Legaz#mid-century-chair' creator='Kator Legaz' model='37/mid-century-chair.obj' x='1548.3608' y='-212.24518' angle='4.712389' width='73.5' depth='84.4' height='80.0'>
    <material name='TEXTILE_generic'>
      <texture name='Dark leather' catalogId='eTeksScopia#dark-leather' width='50.0' height='50.0' image='38'/>
    </material>
  </pieceOfFurniture>
  <pieceOfFurniture level='level4' name='Fridge' catalogId='Omari#frigorifero' creator='Ben Omari' model='40/frigorifero_Scene.obj' x='880.9831' y='-73.25092' angle='3.1415927' width='95.0' depth='74.0' height='218.2'/>
  <pieceOfFurniture level='level4' name='Wine rack' catalogId='Sophie#casierBouteilles' creator='Sophie' model='42/casierBouteilles.obj' x='562.23596' y='-322.46802' angle='4.712389' width='51.9' depth='25.0' height='52.0'/>
  <pieceOfFurniture level='level4' name='Full bookcase' catalogId='Kator Legaz#full-bookcase' creator='Kator Legaz' model='44/full-bookcase.obj' x='1981.2616' y='-260.75095' angle='1.5707964' width='89.8' depth='34.7' height='221.0'/>
  <pieceOfFurniture level='level4' name='Full bookcase' catalogId='Kator Legaz#full-bookcase' creator='Kator Legaz' model='44/full-bookcase.obj' x='1981.2616' y='-170.95094' angle='1.5707964' width='89.8' depth='34.7' height='221.0'/>
  <pieceOfFurniture level='level4' name='Full bookcase' catalogId='Kator Legaz#full-bookcase' creator='Kator Legaz' model='44/full-bookcase.obj' x='1981.2616' y='-81.15094' angle='1.5707964' width='89.8' depth='34.7' height='221.0'/>
  <pieceOfFurniture level='level4' name='Wood shelves' catalogId='OlaKristianHoff#shelves_storage_wood2' creator='Ola-Kristian Hoff' model='46/shelves_storage_wood2.obj' x='794.9831' y='-54.75092' angle='3.1415927' width='77.0' depth='37.0' height='170.0'/>
  <pieceOfFurniture level='level4' name='Wood shelves' catalogId='OlaKristianHoff#shelves_storage_wood2' creator='Ola-Kristian Hoff' model='46/shelves_storage_wood2.obj' x='966.9831' y='-54.750923' angle='3.1415927' width='77.0' depth='37.0' height='170.0'/>
  <pieceOfFurniture level='level4' name='Wine rack' catalogId='Sophie#casierBouteilles' creator='Sophie' model='42/casierBouteilles.obj' x='562.23596' y='-243.4458' angle='4.712389' width='51.9' depth='25.0' height='52.0'/>
  <pieceOfFurniture level='level4' name='Wine bottle' catalogId='Scopia#wine_bottle' creator='Scopia' model='48/wine_bottle.obj' x='561.58026' y='-317.40335' elevation='52.0' angle='4.1887903' width='7.8' depth='7.8' height='30.0'/>
  <pieceOfFurniture level='level4' name='Clothes washing machine' catalogId='Scopia#clothes_washing_machine' creator='Scopia' model='50/clothes_washing_machine.obj' x='591.10406' y='-490.08093' angle='1.7484555E-7' width='59.0' depth='60.100002' height='84.200005'/>
  <pieceOfFurniture level='level4' name='Sink' catalogId='Blend Swap CC-BY#kitchenSink' creator='Jay-Artist, Kator Legaz &amp; eTeks' model='52/kitchenSink.obj' x='782.81573' y='-263.04282' angle='4.712389' width='97.6' depth='61.600002' height='97.6'/>
  <pieceOfFurniture level='level4' name='Large stove' catalogId='Blend Swap CC-BY#largeStove' creator='Jay-Artist' model='54/largeStove.obj' x='788.1658' y='-457.6928' angle='4.712389' width='103.9' depth='72.3' height='85.200005'/>
  <pieceOfFurniture level='level4' name='Island' catalogId='Blend Swap CC-BY#kitchenIsland' creator='Jay-Artist' model='56/kitchenIsland.obj' x='786.96576' y='-358.79282' angle='4.712389' width='93.9' depth='69.9' height='83.1'/>
  <pieceOfFurniture level='level4' name='Rice cooker' catalogId='Toomy#autocuiseur' creator='Toomy' model='58/autocuiseur.obj' x='782.46234' y='-380.68066' elevation='83.1' angle='4.712389' width='25.800001' depth='22.5' height='22.800001'/>
  <pieceOfFurniture level='level4' name='Rice bowl' catalogId='Toomy#bolDeRiz' creator='Toomy' model='60/bolDeRiz.obj' x='795.98883' y='-348.50122' elevation='83.1' width='11.0' depth='11.0' height='6.0'/>
  <pieceOfFurniture level='level4' name='Island' catalogId='Blend Swap CC-BY#kitchenIsland' creator='Jay-Artist' model='56/kitchenIsland.obj' x='949.91943' y='-427.60797' angle='1.5707964' width='93.9' depth='69.9' height='83.1'/>
  <pieceOfFurniture level='level4' name='Island' catalogId='Blend Swap CC-BY#kitchenIsland' creator='Jay-Artist' model='56/kitchenIsland.obj' x='949.91943' y='-333.70798' angle='1.5707964' width='93.9' depth='69.9' height='83.1'/>
  <pieceOfFurniture level='level4' name='Island' catalogId='Blend Swap CC-BY#kitchenIsland' creator='Jay-Artist' model='56/kitchenIsland.obj' x='949.91943' y='-239.80798' angle='1.5707964' width='93.9' depth='69.9' height='83.1'/>
  <doorOrWindow level='level8' name='Slider pocket door' catalogId='OlaKristianHoff#sliderPocketDoor' creator='Ola-Kristian Hoff' model='4/sliderPocketDoor.obj' x='1005.02155' y='-504.5797' angle='4.712389' width='94.8' depth='7.62075' height='212.5' movable='false'/>
  <pieceOfFurniture level='level8' name='Desk' catalogId='OlaKristianHoff#office_desk' creator='Ola-Kristian Hoff' model='63/office_desk.obj' x='1549.8967' y='-440.13052' angle='1.5707964' width='160.0' depth='80.0' height='72.0'/>
  <pieceOfFurniture level='level8' name='Desk' catalogId='OlaKristianHoff#office_desk' creator='Ola-Kristian Hoff' model='63/office_desk.obj' x='1549.8967' y='-280.13052' angle='1.5707964' width='160.0' depth='80.0' height='72.0'/>
  <pieceOfFurniture level='level8' name='Desk' catalogId='OlaKristianHoff#office_desk' creator='Ola-Kristian Hoff' model='63/office_desk.obj' x='1549.8967' y='-120.13052' angle='1.5707964' width='160.0' depth='80.0' height='72.0'/>
  <pieceOfFurniture level='level8' name='Apple iMac 2004' catalogId='Scopia#apple_pc' creator='Scopia' model='65/apple_pc.obj' x='1552.9294' y='-446.0925' elevation='72.0' angle='1.5707964' width='44.0' depth='36.2' height='38.0'/>
  <pieceOfFurniture level='level8' name='Laptop' catalogId='Blend Swap CC-BY#laptop' creator='Mayollo' model='67/laptop.obj' x='1557.7478' y='-338.60416' elevation='72.0' angle='2.3561945' width='33.9' depth='25.300001' height='26.6'/>
  <pieceOfFurniture level='level8' name='Office chair' catalogId='PeterSmolik#officeChair' creator='Peter Smolik' model='69/officeChair.obj' x='1462.459' y='-420.10312' angle='4.9741883' width='62.600002' depth='59.7' height='87.3'/>
  <pieceOfFurniture level='level8' name='Office chair' catalogId='PeterSmolik#officeChair' creator='Peter Smolik' model='69/officeChair.obj' x='1490.9675' y='-190.93698' angle='4.1887903' width='62.600002' depth='59.7' height='87.3'/>
  <pieceOfFurniture level='level8' name='Magazines pile' catalogId='Toomy#pileMagazines' creator='Toomy' model='71/pileMagazines.obj' x='1548.9423' y='-267.5057' elevation='72.0' width='27.300001' depth='33.7' height='1.2'/>
  <pieceOfFurniture level='level8' name='Opened comics book' catalogId='Toomy#bdOuverte' creator='Toomy' model='73/bdOuverte.obj' x='1551.033' y='-152.1442' elevation='72.0' angle='2.3561945' width='42.4' depth='29.800001' height='2.6000001'/>
  <pieceOfFurniture level='level8' name='Books' catalogId='Toomy#livres' creator='Toomy' model='75/livres.obj' x='1577.8967' y='-302.2342' elevation='72.0' angle='1.5707964' width='24.0' depth='16.9' height='26.9'/>
  <pieceOfFurniture level='level18' name='Flat roof skylight bubble' catalogId='OlaKristianHoff#window_flat_roof_skylight_bubble' creator='Ola-Kristian Hoff' model='19/window_flat_roof_skylight_bubble.obj' x='849.9958' y='-492.83142' elevation='30.0' width='100.0' depth='100.0' height='45.0' movable='false'/>
  <light level='level8' name='Track lights' catalogId='Kator Legaz#track-lights' creator='Kator Legaz' model='77/track-lights.obj' x='1877.115' y='-328.02734' elevation='243.8' angle='1.5707964' width='100.0' depth='17.0' height='13.8'/>
  <light level='level8' name='Halogen light source' catalogId='eTeks#halogenLightSource' creator='eTeks' model='79/model.obj' x='1503.1904' y='-599.0071' elevation='234.0' width='10.0' depth='10.0' height='10.0'/>
  <light level='level8' name='Halogen light source' catalogId='eTeks#halogenLightSource' creator='eTeks' model='79/model.obj' x='1698.8953' y='-599.00696' elevation='234.0' width='10.0' depth='10.0' height='10.0'/>
  <light level='level8' name='Halogen light source' catalogId='eTeks#halogenLightSource' creator='eTeks' model='79/model.obj' x='1897.5881' y='-599.0071' elevation='234.0' width='10.0' depth='10.0' height='10.0'/>
  <light level='level8' name='Halogen light source' catalogId='eTeks#halogenLightSource' creator='eTeks' model='79/model.obj' x='2097.775' y='-597.51306' elevation='234.0' width='10.0' depth='10.0' height='10.0'/>
  <light level='level8' name='Halogen light source' catalogId='eTeks#halogenLightSource' creator='eTeks' model='79/model.obj' x='2099.2688' y='-436.1682' elevation='234.0' width='10.0' depth='10.0' height='10.0'/>
  <light level='level8' name='Halogen light source' catalogId='eTeks#halogenLightSource' creator='eTeks' model='79/model.obj' x='2100.7627' y='-140.37024' elevation='234.0' width='10.0' depth='10.0' height='10.0'/>
  <light level='level8' name='Halogen light source' catalogId='eTeks#halogenLightSource' creator='eTeks' model='79/model.obj' x='2100.763' y='-282.29395' elevation='234.0' width='10.0' depth='10.0' height='10.0'/>
  <light level='level4' name='White light source' catalogId='eTeks#lightSource' creator='eTeks' model='79/model.obj' x='866.77594' y='-318.28223' elevation='220.0' width='10.0' depth='10.0' height='10.0'/>
  <light level='level4' name='White light source' catalogId='eTeks#lightSource' creator='eTeks' model='79/model.obj' x='1096.8413' y='-321.27026' elevation='220.0' width='10.0' depth='10.0' height='10.0'/>
  <light level='level4' name='White light source' catalogId='eTeks#lightSource' creator='eTeks' model='79/model.obj' x='1310.4734' y='-318.28223' elevation='220.0' width='10.0' depth='10.0' height='10.0'/>
  <doorOrWindow level='level8' name='Slider window' catalogId='eTeks#sliderWindow126x200' creator='eTeks' model='83/model.obj' x='319.6761' y='65.23674' angle='4.712389' width='154.0' depth='8.1297655' height='243.8' color='FF040B1A' movable='false'/>
  <doorOrWindow level='level8' name='Slider window' catalogId='eTeks#sliderWindow126x200' creator='eTeks' model='83/model.obj' x='319.6761' y='-618.79724' angle='4.712389' width='153.0' depth='8.1297655' height='243.8' color='FF040B1A' movable='false'/>
  <doorOrWindow level='level8' name='Slider pocket door' catalogId='OlaKristianHoff#sliderPocketDoor' creator='Ola-Kristian Hoff' model='4/sliderPocketDoor.obj' x='602.4216' y='-307.85342' angle='1.5707964' width='94.8' depth='7.62075' height='212.5' movable='false'/>
  <doorOrWindow level='level8' name='Slider pocket door' catalogId='OlaKristianHoff#sliderPocketDoor' creator='Ola-Kristian Hoff' model='4/sliderPocketDoor.obj' x='602.4216' y='-150.24527' angle='1.5707964' width='94.8' depth='7.62075' height='212.5' movable='false'/>
  <doorOrWindow level='level8' name='Open door' catalogId='eTeks#openDoor' creator='eTeks' model='85/model.obj' x='660.9446' y='-2.7508657' angle='6.283185' width='91.4' depth='69.03287' height='208.3' movable='false'/>
  <doorOrWindow level='level8' name='Fixed window' catalogId='eTeks#fixedWindow85x123' creator='eTeks' model='2/model.obj' x='371.8' y='287.93295' width='29.0' depth='7.62075' height='243.8' color='FF040B1A' movable='false'/>
  <pieceOfFurniture level='level4' name='Shelf maple' catalogId='LucaPresidente#mensolaAcero' creator='LucaPresidente' model='87/mensolaAcero.obj' x='530.82245' y='-537.7509' elevation='130.0' width='401.5' depth='20.0' height='5.0' modelRotation='0 0 1 0 1 0 -1 0 0'/>
  <pieceOfFurniture level='level4' name='Shelf maple' catalogId='LucaPresidente#mensolaAcero' creator='LucaPresidente' model='87/mensolaAcero.obj' x='530.85004' y='-537.7509' elevation='50.0' width='401.5' depth='20.0' height='5.0' modelRotation='0 0 1 0 1 0 -1 0 0'/>
  <furnitureGroup level='level4' name='Group -4-' x='533.6787' y='-541.0509' elevation='135.0' angle='3.1415927' width='292.59988' depth='26.599976' height='23.199997'>
    <pieceOfFurniture level='level4' name='Little plant' catalogId='Blend Swap CC-0#littlePlant' creator='Rameshrj' model='89/littlePlant.obj' x='400.67877' y='-541.0509' elevation='135.0' angle='3.1415927' width='26.6' depth='26.6' height='23.2'/>
    <pieceOfFurniture level='level4' name='Little plant' catalogId='Blend Swap CC-0#littlePlant' creator='Rameshrj' model='89/littlePlant.obj' x='427.27878' y='-541.0509' elevation='135.0' angle='3.1415927' width='26.6' depth='26.6' height='23.2'/>
    <pieceOfFurniture level='level4' name='Little plant' catalogId='Blend Swap CC-0#littlePlant' creator='Rameshrj' model='89/littlePlant.obj' x='453.87878' y='-541.0509' elevation='135.0' angle='3.1415927' width='26.6' depth='26.6' height='23.2'/>
    <pieceOfFurniture level='level4' name='Little plant' catalogId='Blend Swap CC-0#littlePlant' creator='Rameshrj' model='89/littlePlant.obj' x='480.4788' y='-541.0509' elevation='135.0' angle='3.1415927' width='26.6' depth='26.6' height='23.2'/>
    <pieceOfFurniture level='level4' name='Little plant' catalogId='Blend Swap CC-0#littlePlant' creator='Rameshrj' model='89/littlePlant.obj' x='507.0788' y='-541.0509' elevation='135.0' angle='3.1415927' width='26.6' depth='26.6' height='23.2'/>
    <pieceOfFurniture level='level4' name='Little plant' catalogId='Blend Swap CC-0#littlePlant' creator='Rameshrj' model='89/littlePlant.obj' x='533.6788' y='-541.0509' elevation='135.0' angle='3.1415927' width='26.6' depth='26.6' height='23.2'/>
    <pieceOfFurniture level='level4' name='Little plant' catalogId='Blend Swap CC-0#littlePlant' creator='Rameshrj' model='89/littlePlant.obj' x='560.27875' y='-541.0509' elevation='135.0' angle='3.1415927' width='26.6' depth='26.6' height='23.2'/>
    <pieceOfFurniture level='level4' name='Little plant' catalogId='Blend Swap CC-0#littlePlant' creator='Rameshrj' model='89/littlePlant.obj' x='586.8787' y='-541.0509' elevation='135.0' angle='3.1415927' width='26.6' depth='26.6' height='23.2'/>
    <pieceOfFurniture level='level4' name='Little plant' catalogId='Blend Swap CC-0#littlePlant' creator='Rameshrj' model='89/littlePlant.obj' x='613.4787' y='-541.0509' elevation='135.0' angle='3.1415927' width='26.6' depth='26.6' height='23.2'/>
    <pieceOfFurniture level='level4' name='Little plant' catalogId='Blend Swap CC-0#littlePlant' creator='Rameshrj' model='89/littlePlant.obj' x='640.0787' y='-541.0509' elevation='135.0' angle='3.1415927' width='26.6' depth='26.6' height='23.2'/>
    <pieceOfFurniture level='level4' name='Little plant' catalogId='Blend Swap CC-0#littlePlant' creator='Rameshrj' model='89/littlePlant.obj' x='666.67865' y='-541.0509' elevation='135.0' angle='3.1415927' width='26.6' depth='26.6' height='23.2'/>
  </furnitureGroup>
  <furnitureGroup level='level4' name='Group -4-' x='533.6787' y='-541.0509' elevation='55.000004' angle='3.1415927' width='292.59988' depth='26.599976' height='23.2'>
    <pieceOfFurniture level='level4' name='Little plant' catalogId='Blend Swap CC-0#littlePlant' creator='Rameshrj' model='89/littlePlant.obj' x='400.67877' y='-541.0509' elevation='55.000004' angle='3.1415927' width='26.6' depth='26.6' height='23.2'/>
    <pieceOfFurniture level='level4' name='Little plant' catalogId='Blend Swap CC-0#littlePlant' creator='Rameshrj' model='89/littlePlant.obj' x='427.27878' y='-541.0509' elevation='55.000004' angle='3.1415927' width='26.6' depth='26.6' height='23.2'/>
    <pieceOfFurniture level='level4' name='Little plant' catalogId='Blend Swap CC-0#littlePlant' creator='Rameshrj' model='89/littlePlant.obj' x='453.87878' y='-541.0509' elevation='55.000004' angle='3.1415927' width='26.6' depth='26.6' height='23.2'/>
    <pieceOfFurniture level='level4' name='Little plant' catalogId='Blend Swap CC-0#littlePlant' creator='Rameshrj' model='89/littlePlant.obj' x='480.4788' y='-541.0509' elevation='55.000004' angle='3.1415927' width='26.6' depth='26.6' height='23.2'/>
    <pieceOfFurniture level='level4' name='Little plant' catalogId='Blend Swap CC-0#littlePlant' creator='Rameshrj' model='89/littlePlant.obj' x='507.0788' y='-541.0509' elevation='55.000004' angle='3.1415927' width='26.6' depth='26.6' height='23.2'/>
    <pieceOfFurniture level='level4' name='Little plant' catalogId='Blend Swap CC-0#littlePlant' creator='Rameshrj' model='89/littlePlant.obj' x='533.6788' y='-541.0509' elevation='55.000004' angle='3.1415927' width='26.6' depth='26.6' height='23.2'/>
    <pieceOfFurniture level='level4' name='Little plant' catalogId='Blend Swap CC-0#littlePlant' creator='Rameshrj' model='89/littlePlant.obj' x='560.27875' y='-541.0509' elevation='55.000004' angle='3.1415927' width='26.6' depth='26.6' height='23.2'/>
    <pieceOfFurniture level='level4' name='Little plant' catalogId='Blend Swap CC-0#littlePlant' creator='Rameshrj' model='89/littlePlant.obj' x='586.8787' y='-541.0509' elevation='55.000004' angle='3.1415927' width='26.6' depth='26.6' height='23.2'/>
    <pieceOfFurniture level='level4' name='Little plant' catalogId='Blend Swap CC-0#littlePlant' creator='Rameshrj' model='89/littlePlant.obj' x='613.4787' y='-541.0509' elevation='55.000004' angle='3.1415927' width='26.6' depth='26.6' height='23.2'/>
    <pieceOfFurniture level='level4' name='Little plant' catalogId='Blend Swap CC-0#littlePlant' creator='Rameshrj' model='89/littlePlant.obj' x='640.0787' y='-541.0509' elevation='55.000004' angle='3.1415927' width='26.6' depth='26.6' height='23.2'/>
    <pieceOfFurniture level='level4' name='Little plant' catalogId='Blend Swap CC-0#littlePlant' creator='Rameshrj' model='89/littlePlant.obj' x='666.67865' y='-541.0509' elevation='55.000004' angle='3.1415927' width='26.6' depth='26.6' height='23.2'/>
  </furnitureGroup>
  <furnitureGroup level='level8' name='Group -9-' x='879.4361' y='-869.99554' elevation='10.0' angle='3.1415927' width='255.56781' depth='6.0' height='335.00003'>
    <furnitureGroup level='level8' name='Group -6-' x='879.72' y='-869.7897' elevation='10.0' angle='3.1415942' width='255.0' depth='5.5878906' height='115.0'>
      <pieceOfFurniture level='level8' name='Shelf maple' catalogId='LucaPresidente#mensolaAcero' creator='LucaPresidente' model='87/mensolaAcero.obj' x='879.72' y='-870.01355' elevation='10.0' angle='3.1415942' width='255.00003' depth='5.1401334' height='5.0' modelRotation='0 0 1 0 1 0 -1 0 0'>
        <texture name='madera1' width='56.190475' height='100.0' image='90'/>
      </pieceOfFurniture>
      <pieceOfFurniture level='level8' name='Shelf maple' catalogId='LucaPresidente#mensolaAcero' creator='LucaPresidente' model='87/mensolaAcero.obj' x='879.72' y='-870.01355' elevation='20.0' angle='3.1415942' width='255.00003' depth='5.1401334' height='5.0' modelRotation='0 0 1 0 1 0 -1 0 0'>
        <texture name='madera1' width='56.190475' height='100.0' image='90'/>
      </pieceOfFurniture>
      <pieceOfFurniture level='level8' name='Shelf maple' catalogId='LucaPresidente#mensolaAcero' creator='LucaPresidente' model='87/mensolaAcero.obj' x='879.72' y='-870.01355' elevation='30.0' angle='3.1415942' width='255.00003' depth='5.1401334' height='5.0' modelRotation='0 0 1 0 1 0 -1 0 0'>
        <texture name='madera1' width='56.190475' height='100.0' image='90'/>
      </pieceOfFurniture>
      <pieceOfFurniture level='level8' name='Shelf maple' catalogId='LucaPresidente#mensolaAcero' creator='LucaPresidente' model='87/mensolaAcero.obj' x='879.72' y='-870.01355' elevation='40.0' angle='3.1415942' width='255.00003' depth='5.1401334' height='5.0' modelRotation='0 0 1 0 1 0 -1 0 0'>
        <texture name='madera1' width='56.190475' height='100.0' image='90'/>
      </pieceOfFurniture>
      <pieceOfFurniture level='level8' name='Shelf maple' catalogId='LucaPresidente#mensolaAcero' creator='LucaPresidente' model='87/mensolaAcero.obj' x='879.72' y='-870.01355' elevation='50.0' angle='3.1415942' width='255.00003' depth='5.1401334' height='5.0' modelRotation='0 0 1 0 1 0 -1 0 0'>
        <texture name='madera1' width='56.190475' height='100.0' image='90'/>
      </pieceOfFurniture>
      <pieceOfFurniture level='level8' name='Shelf maple' catalogId='LucaPresidente#mensolaAcero' creator='LucaPresidente' model='87/mensolaAcero.obj' x='879.72' y='-870.01355' elevation='60.0' angle='3.1415942' width='255.00003' depth='5.1401334' height='5.0' modelRotation='0 0 1 0 1 0 -1 0 0'>
        <texture name='madera1' width='56.190475' height='100.0' image='90'/>
      </pieceOfFurniture>
      <pieceOfFurniture level='level8' name='Shelf maple' catalogId='LucaPresidente#mensolaAcero' creator='LucaPresidente' model='87/mensolaAcero.obj' x='879.72' y='-869.5658' elevation='70.0' angle='3.1415942' width='255.00003' depth='5.1401334' height='5.0' modelRotation='0 0 1 0 1 0 -1 0 0'>
        <texture name='madera1' width='56.190475' height='100.0' image='90'/>
      </pieceOfFurniture>
      <pieceOfFurniture level='level8' name='Shelf maple' catalogId='LucaPresidente#mensolaAcero' creator='LucaPresidente' model='87/mensolaAcero.obj' x='879.72' y='-869.5658' elevation='80.0' angle='3.1415942' width='255.00003' depth='5.1401334' height='5.0' modelRotation='0 0 1 0 1 0 -1 0 0'>
        <texture name='madera1' width='56.190475' height='100.0' image='90'/>
      </pieceOfFurniture>
      <pieceOfFurniture level='level8' name='Shelf maple' catalogId='LucaPresidente#mensolaAcero' creator='LucaPresidente' model='87/mensolaAcero.obj' x='879.72' y='-869.5658' elevation='90.0' angle='3.1415942' width='255.00003' depth='5.1401334' height='5.0' modelRotation='0 0 1 0 1 0 -1 0 0'>
        <texture name='madera1' width='56.190475' height='100.0' image='90'/>
      </pieceOfFurniture>
      <pieceOfFurniture level='level8' name='Shelf maple' catalogId='LucaPresidente#mensolaAcero' creator='LucaPresidente' model='87/mensolaAcero.obj' x='879.72' y='-869.5658' elevation='100.0' angle='3.1415942' width='255.00003' depth='5.1401334' height='5.0' modelRotation='0 0 1 0 1 0 -1 0 0'>
        <texture name='madera1' width='56.190475' height='100.0' image='90'/>
      </pieceOfFurniture>
      <pieceOfFurniture level='level8' name='Shelf maple' catalogId='LucaPresidente#mensolaAcero' creator='LucaPresidente' model='87/mensolaAcero.obj' x='879.72' y='-869.5658' elevation='110.0' angle='3.1415942' width='255.00003' depth='5.1401334' height='5.0' modelRotation='0 0 1 0 1 0 -1 0 0'>
        <texture name='madera1' width='56.190475' height='100.0' image='90'/>
      </pieceOfFurniture>
      <pieceOfFurniture level='level8' name='Shelf maple' catalogId='LucaPresidente#mensolaAcero' creator='LucaPresidente' model='87/mensolaAcero.obj' x='879.72' y='-869.5658' elevation='120.0' angle='3.1415942' width='255.00003' depth='5.1401334' height='5.0' modelRotation='0 0 1 0 1 0 -1 0 0'>
        <texture name='madera1' width='56.190475' height='100.0' image='90'/>
      </pieceOfFurniture>
    </furnitureGroup>
    <furnitureGroup level='level8' name='Group -6-' x='879.1522' y='-870.2196' elevation='120.0' angle='3.1415942' width='255.00006' depth='5.5515137' height='115.0'>
      <pieceOfFurniture level='level8' name='Shelf maple' catalogId='LucaPresidente#mensolaAcero' creator='LucaPresidente' model='87/mensolaAcero.obj' x='879.1522' y='-870.4421' elevation='120.0' angle='3.1415954' width='255.00005' depth='5.1062284' height='5.0' modelRotation='0 0 1 0 1 0 -1 0 0'>
        <texture name='madera1' width='56.190475' height='100.0' image='90'/>
      </pieceOfFurniture>
      <pieceOfFurniture level='level8' name='Shelf maple' catalogId='LucaPresidente#mensolaAcero' creator='LucaPresidente' model='87/mensolaAcero.obj' x='879.1522' y='-870.4421' elevation='130.0' angle='3.1415954' width='255.00005' depth='5.1062284' height='5.0' modelRotation='0 0 1 0 1 0 -1 0 0'>
        <texture name='madera1' width='56.190475' height='100.0' image='90'/>
      </pieceOfFurniture>
      <pieceOfFurniture level='level8' name='Shelf maple' catalogId='LucaPresidente#mensolaAcero' creator='LucaPresidente' model='87/mensolaAcero.obj' x='879.1522' y='-870.4421' elevation='140.0' angle='3.1415954' width='255.00005' depth='5.1062284' height='5.0' modelRotation='0 0 1 0 1 0 -1 0 0'>
        <texture name='madera1' width='56.190475' height='100.0' image='90'/>
      </pieceOfFurniture>
      <pieceOfFurniture level='level8' name='Shelf maple' catalogId='LucaPresidente#mensolaAcero' creator='LucaPresidente' model='87/mensolaAcero.obj' x='879.1522' y='-870.4421' elevation='150.0' angle='3.1415954' width='255.00005' depth='5.1062284' height='5.0' modelRotation='0 0 1 0 1 0 -1 0 0'>
        <texture name='madera1' width='56.190475' height='100.0' image='90'/>
      </pieceOfFurniture>
      <pieceOfFurniture level='level8' name='Shelf maple' catalogId='LucaPresidente#mensolaAcero' creator='LucaPresidente' model='87/mensolaAcero.obj' x='879.1522' y='-870.4421' elevation='160.0' angle='3.1415954' width='255.00005' depth='5.1062284' height='5.0' modelRotation='0 0 1 0 1 0 -1 0 0'>
        <texture name='madera1' width='56.190475' height='100.0' image='90'/>
      </pieceOfFurniture>
      <pieceOfFurniture level='level8' name='Shelf maple' catalogId='LucaPresidente#mensolaAcero' creator='LucaPresidente' model='87/mensolaAcero.obj' x='879.1522' y='-870.4421' elevation='170.0' angle='3.1415954' width='255.00005' depth='5.1062284' height='5.0' modelRotation='0 0 1 0 1 0 -1 0 0'>
        <texture name='madera1' width='56.190475' height='100.0' image='90'/>
      </pieceOfFurniture>
      <pieceOfFurniture level='level8' name='Shelf maple' catalogId='LucaPresidente#mensolaAcero' creator='LucaPresidente' model='87/mensolaAcero.obj' x='879.1522' y='-869.99713' elevation='180.0' angle='3.1415954' width='255.00005' depth='5.1062284' height='5.0' modelRotation='0 0 1 0 1 0 -1 0 0'>
        <texture name='madera1' width='56.190475' height='100.0' image='90'/>
      </pieceOfFurniture>
      <pieceOfFurniture level='level8' name='Shelf maple' catalogId='LucaPresidente#mensolaAcero' creator='LucaPresidente' model='87/mensolaAcero.obj' x='879.1522' y='-869.99713' elevation='190.0' angle='3.1415954' width='255.00005' depth='5.1062284' height='5.0' modelRotation='0 0 1 0 1 0 -1 0 0'>
        <texture name='madera1' width='56.190475' height='100.0' image='90'/>
      </pieceOfFurniture>
      <pieceOfFurniture level='level8' name='Shelf maple' catalogId='LucaPresidente#mensolaAcero' creator='LucaPresidente' model='87/mensolaAcero.obj' x='879.1522' y='-869.99713' elevation='200.0' angle='3.1415954' width='255.00005' depth='5.1062284' height='5.0' modelRotation='0 0 1 0 1 0 -1 0 0'>
        <texture name='madera1' width='56.190475' height='100.0' image='90'/>
      </pieceOfFurniture>
      <pieceOfFurniture level='level8' name='Shelf maple' catalogId='LucaPresidente#mensolaAcero' creator='LucaPresidente' model='87/mensolaAcero.obj' x='879.1522' y='-869.99713' elevation='210.0' angle='3.1415954' width='255.00005' depth='5.1062284' height='5.0' modelRotation='0 0 1 0 1 0 -1 0 0'>
        <texture name='madera1' width='56.190475' height='100.0' image='90'/>
      </pieceOfFurniture>
      <pieceOfFurniture level='level8' name='Shelf maple' catalogId='LucaPresidente#mensolaAcero' creator='LucaPresidente' model='87/mensolaAcero.obj' x='879.1522' y='-869.99713' elevation='220.0' angle='3.1415954' width='255.00005' depth='5.1062284' height='5.0' modelRotation='0 0 1 0 1 0 -1 0 0'>
        <texture name='madera1' width='56.190475' height='100.0' image='90'/>
      </pieceOfFurniture>
      <pieceOfFurniture level='level8' name='Shelf maple' catalogId='LucaPresidente#mensolaAcero' creator='LucaPresidente' model='87/mensolaAcero.obj' x='879.1522' y='-869.99713' elevation='230.0' angle='3.1415954' width='255.00005' depth='5.1062284' height='5.0' modelRotation='0 0 1 0 1 0 -1 0 0'>
        <texture name='madera1' width='56.190475' height='100.0' image='90'/>
      </pieceOfFurniture>
    </furnitureGroup>
    <furnitureGroup level='level8' name='Group -6-' x='879.72' y='-869.7897' elevation='230.00003' angle='3.1415942' width='255.0' depth='5.5514526' height='115.0'>
      <pieceOfFurniture level='level8' name='Shelf maple' catalogId='LucaPresidente#mensolaAcero' creator='LucaPresidente' model='87/mensolaAcero.obj' x='879.72' y='-870.01215' elevation='230.00003' angle='3.1415942' width='255.00003' depth='5.1065173' height='5.0' modelRotation='0 0 1 0 1 0 -1 0 0'>
        <texture name='madera1' width='56.190475' height='100.0' image='90'/>
      </pieceOfFurniture>
      <pieceOfFurniture level='level8' name='Shelf maple' catalogId='LucaPresidente#mensolaAcero' creator='LucaPresidente' model='87/mensolaAcero.obj' x='879.72' y='-870.01215' elevation='240.00003' angle='3.1415942' width='255.00003' depth='5.1065173' height='5.0' modelRotation='0 0 1 0 1 0 -1 0 0'>
        <texture name='madera1' width='56.190475' height='100.0' image='90'/>
      </pieceOfFurniture>
      <pieceOfFurniture level='level8' name='Shelf maple' catalogId='LucaPresidente#mensolaAcero' creator='LucaPresidente' model='87/mensolaAcero.obj' x='879.72' y='-870.01215' elevation='250.00003' angle='3.1415942' width='255.00003' depth='5.1065173' height='5.0' modelRotation='0 0 1 0 1 0 -1 0 0'>
        <texture name='madera1' width='56.190475' height='100.0' image='90'/>
      </pieceOfFurniture>
      <pieceOfFurniture level='level8' name='Shelf maple' catalogId='LucaPresidente#mensolaAcero' creator='LucaPresidente' model='87/mensolaAcero.obj' x='879.72' y='-870.01215' elevation='260.00003' angle='3.1415942' width='255.00003' depth='5.1065173' height='5.0' modelRotation='0 0 1 0 1 0 -1 0 0'>
        <texture name='madera1' width='56.190475' height='100.0' image='90'/>
      </pieceOfFurniture>
      <pieceOfFurniture level='level8' name='Shelf maple' catalogId='LucaPresidente#mensolaAcero' creator='LucaPresidente' model='87/mensolaAcero.obj' x='879.72' y='-870.01215' elevation='270.00003' angle='3.1415942' width='255.00003' depth='5.1065173' height='5.0' modelRotation='0 0 1 0 1 0 -1 0 0'>
        <texture name='madera1' width='56.190475' height='100.0' image='90'/>
      </pieceOfFurniture>
      <pieceOfFurniture level='level8' name='Shelf maple' catalogId='LucaPresidente#mensolaAcero' creator='LucaPresidente' model='87/mensolaAcero.obj' x='879.72' y='-870.01215' elevation='280.00003' angle='3.1415942' width='255.00003' depth='5.1065173' height='5.0' modelRotation='0 0 1 0 1 0 -1 0 0'>
        <texture name='madera1' width='56.190475' height='100.0' image='90'/>
      </pieceOfFurniture>
      <pieceOfFurniture level='level8' name='Shelf maple' catalogId='LucaPresidente#mensolaAcero' creator='LucaPresidente' model='87/mensolaAcero.obj' x='879.72' y='-869.5672' elevation='290.00003' angle='3.1415942' width='255.00003' depth='5.1065173' height='5.0' modelRotation='0 0 1 0 1 0 -1 0 0'>
        <texture name='madera1' width='56.190475' height='100.0' image='90'/>
      </pieceOfFurniture>
      <pieceOfFurniture level='level8' name='Shelf maple' catalogId='LucaPresidente#mensolaAcero' creator='LucaPresidente' model='87/mensolaAcero.obj' x='879.72' y='-869.5672' elevation='300.00003' angle='3.1415942' width='255.00003' depth='5.1065173' height='5.0' modelRotation='0 0 1 0 1 0 -1 0 0'>
        <texture name='madera1' width='56.190475' height='100.0' image='90'/>
      </pieceOfFurniture>
      <pieceOfFurniture level='level8' name='Shelf maple' catalogId='LucaPresidente#mensolaAcero' creator='LucaPresidente' model='87/mensolaAcero.obj' x='879.72' y='-869.5672' elevation='310.00003' angle='3.1415942' width='255.00003' depth='5.1065173' height='5.0' modelRotation='0 0 1 0 1 0 -1 0 0'>
        <texture name='madera1' width='56.190475' height='100.0' image='90'/>
      </pieceOfFurniture>
      <pieceOfFurniture level='level8' name='Shelf maple' catalogId='LucaPresidente#mensolaAcero' creator='LucaPresidente' model='87/mensolaAcero.obj' x='879.72' y='-869.5672' elevation='320.00003' angle='3.1415942' width='255.00003' depth='5.1065173' height='5.0' modelRotation='0 0 1 0 1 0 -1 0 0'>
        <texture name='madera1' width='56.190475' height='100.0' image='90'/>
      </pieceOfFurniture>
      <pieceOfFurniture level='level8' name='Shelf maple' catalogId='LucaPresidente#mensolaAcero' creator='LucaPresidente' model='87/mensolaAcero.obj' x='879.72' y='-869.5672' elevation='330.00003' angle='3.1415942' width='255.00003' depth='5.1065173' height='5.0' modelRotation='0 0 1 0 1 0 -1 0 0'>
        <texture name='madera1' width='56.190475' height='100.0' image='90'/>
      </pieceOfFurniture>
      <pieceOfFurniture level='level8' name='Shelf maple' catalogId='LucaPresidente#mensolaAcero' creator='LucaPresidente' model='87/mensolaAcero.obj' x='879.72' y='-869.5672' elevation='340.00003' angle='3.1415942' width='255.00003' depth='5.1065173' height='5.0' modelRotation='0 0 1 0 1 0 -1 0 0'>
        <texture name='madera1' width='56.190475' height='100.0' image='90'/>
      </pieceOfFurniture>
    </furnitureGroup>
  </furnitureGroup>
  <doorOrWindow level='level15' name='tragaluz' model='92/tragaluz.obj' x='1177.0388' y='-145.6437' elevation='10.0' width='422.4' depth='218.8' height='29.33368' modelRotation='0 -1 0 -1 0 0 0 0 -1' movable='false'/>
  <doorOrWindow level='level15' name='tragaluz' model='92/tragaluz.obj' x='1734.499' y='-329.57388' elevation='10.0' width='275.0' depth='123.0' height='29.300001' modelRotation='0 -1 0 -1 0 0 0 0 -1' movable='false'/>
  <pieceOfFurniture level='level9' name='Railing glass' catalogId='OlaKristianHoff#railing_glass' creator='Ola-Kristian Hoff' model='94/railing_glass.obj' x='734.4657' y='-928.0271' angle='4.712389' width='121.9' depth='5.0' height='130.2' movable='false'/>
  <pieceOfFurniture level='level9' name='Railing glass' catalogId='OlaKristianHoff#railing_glass' creator='Ola-Kristian Hoff' model='94/railing_glass.obj' x='1398.3315' y='-927.7243' angle='4.712389' width='122.4' depth='5.0' height='130.0' movable='false'/>
  <pieceOfFurniture level='level9' name='Railing glass' catalogId='OlaKristianHoff#railing_glass' creator='Ola-Kristian Hoff' model='94/railing_glass.obj' x='1292.3' y='-991.4269' angle='3.1415927' width='217.1' depth='5.0' height='130.0' movable='false'/>
  <pieceOfFurniture level='level9' name='Railing glass' catalogId='OlaKristianHoff#railing_glass' creator='Ola-Kristian Hoff' model='94/railing_glass.obj' x='1075.2334' y='-991.5511' angle='3.1415927' width='217.1' depth='5.0' height='130.0' movable='false'/>
  <pieceOfFurniture level='level9' name='Railing glass' catalogId='OlaKristianHoff#railing_glass' creator='Ola-Kristian Hoff' model='94/railing_glass.obj' x='849.25006' y='-991.5511' angle='3.1415927' width='234.90001' depth='5.0' height='130.0' movable='false'/>
  <light level='level9' name='Halogen light source' catalogId='eTeks#halogenLightSource' creator='eTeks' model='79/model.obj' x='756.2253' y='-936.63513' elevation='340.0' width='10.0' depth='10.0' height='10.0'/>
  <light level='level9' name='Halogen light source' catalogId='eTeks#halogenLightSource' creator='eTeks' model='79/model.obj' x='980.31525' y='-927.6715' elevation='340.0' width='10.0' depth='10.0' height='10.0'/>
  <light level='level9' name='Halogen light source' catalogId='eTeks#halogenLightSource' creator='eTeks' model='79/model.obj' x='1243.2463' y='-929.1658' elevation='340.0' width='10.0' depth='10.0' height='10.0'/>
  <light level='level9' name='Halogen light source' catalogId='eTeks#halogenLightSource' creator='eTeks' model='79/model.obj' x='1482.2749' y='-926.17773' elevation='340.0' width='10.0' depth='10.0' height='10.0'/>
  <light level='level10' name='Halogen light source' catalogId='eTeks#halogenLightSource' creator='eTeks' model='79/model.obj' x='1066.5496' y='-926.8097' elevation='340.0' width='10.0' depth='10.0' height='10.0'/>
  <light level='level10' name='Halogen light source' catalogId='eTeks#halogenLightSource' creator='eTeks' model='79/model.obj' x='1332.0754' y='-925.7095' elevation='340.0' width='10.0' depth='10.0' height='10.0'/>
  <pieceOfFurniture level='level10' name='balcon' model='96/balcon.obj' x='1066.5789' y='-982.44366' angle='3.1415927' width='658.5' depth='5.0' height='119.79993' modelRotation='0 1 0 -1 0 0 0 0 1'/>
  <pieceOfFurniture level='level10' name='balcon2' model='98/balcon2.obj' x='739.76245' y='-926.0771' angle='4.712389' width='118.0' depth='5.0' height='119.79993' modelRotation='0 -1 0 -1 0 0 0 0 -1'/>
  <pieceOfFurniture level='level8' name='balcon' model='96/balcon.obj' x='1600.0168' y='-274.43054' angle='4.712389' width='491.4' depth='5.0' height='119.8' modelRotation='0 1 0 -1 0 0 0 0 1'/>
  <pieceOfFurniture level='level8' name='balcon' model='96/balcon.obj' x='1402.0168' y='-147.25092' angle='4.712389' width='222.0' depth='5.0' height='119.8' modelRotation='0 1 0 -1 0 0 0 0 1'/>
  <pieceOfFurniture level='level8' name='balcon' model='96/balcon.obj' x='1179.1171' y='-261.07477' angle='3.1415927' width='451.2' depth='5.0' height='119.8' modelRotation='0 1 0 -1 0 0 0 0 1'/>
  <pieceOfFurniture level='level8' name='balcon2' model='98/balcon2.obj' x='1496.6973' y='-651.48883' angle='3.1415927' width='201.6' depth='5.0' height='119.8' modelRotation='0 -1 0 -1 0 0 0 0 -1'/>
  <pieceOfFurniture level='level8' name='balcon2' model='98/balcon2.obj' x='1599.9973' y='-590.751' angle='4.712389' width='126.0' depth='5.0' height='119.8' modelRotation='0 -1 0 -1 0 0 0 0 -1'/>
  <pieceOfFurniture level='level8' name='balcon2' model='98/balcon2.obj' x='955.71155' y='-207.5748' angle='1.5707964' width='102.0' depth='5.0' height='119.8' modelRotation='0 -1 0 -1 0 0 0 0 -1'/>
  <pieceOfFurniture level='level10' name='Bed' catalogId='Blend Swap CC-0#bedWithTexture' creator='Nhumrod' model='100/bedWithTexture.obj' x='1275.0115' y='-604.5047' angle='1.5707964' width='224.6' depth='226.40001' height='76.5'/>
  <pieceOfFurniture level='level10' name='Ficus' catalogId='Scopia#ficus' creator='Scopia' model='102/ficus.obj' x='1413.2705' y='-834.2416' elevation='120.00001' angle='4.712389' width='42.5' depth='41.5' height='82.4'/>
  <pieceOfFurniture level='level10' name='Ficus' catalogId='Scopia#ficus' creator='Scopia' model='102/ficus.obj' x='1413.2717' y='-790.95715' elevation='120.00001' angle='4.712389' width='42.5' depth='41.5' height='82.4'/>
  <pieceOfFurniture level='level10' name='Ficus' catalogId='Scopia#ficus' creator='Scopia' model='102/ficus.obj' x='1413.8544' y='-703.8053' elevation='120.0' angle='4.712389' width='42.5' depth='41.5' height='82.4'/>
  <pieceOfFurniture level='level10' name='Ficus' catalogId='Scopia#ficus' creator='Scopia' model='102/ficus.obj' x='1413.8531' y='-747.0897' elevation='120.0' angle='4.712389' width='42.5' depth='41.5' height='82.4'/>
  <pieceOfFurniture level='level10' name='Ficus' catalogId='Scopia#ficus' creator='Scopia' model='102/ficus.obj' x='1413.6273' y='-660.3419' elevation='120.0' angle='4.712389' width='42.5' depth='41.5' height='82.4'/>
  <pieceOfFurniture level='level10' name='Ficus' catalogId='Scopia#ficus' creator='Scopia' model='102/ficus.obj' x='1413.4009' y='-547.3003' elevation='120.0' angle='4.712389' width='42.5' depth='41.5' height='82.4'/>
  <pieceOfFurniture level='level10' name='Ficus' catalogId='Scopia#ficus' creator='Scopia' model='102/ficus.obj' x='1413.6279' y='-590.7637' elevation='120.0' angle='4.712389' width='42.5' depth='41.5' height='82.4'/>
  <pieceOfFurniture level='level10' name='Ficus' catalogId='Scopia#ficus' creator='Scopia' model='102/ficus.obj' x='1413.6267' y='-634.0481' elevation='120.0' angle='4.712389' width='42.5' depth='41.5' height='82.4'/>
  <light level='level10' name='Halogen light source' catalogId='eTeks#halogenLightSource' creator='eTeks' model='79/model.obj' x='837.7016' y='-926.8097' elevation='340.0' width='10.0' depth='10.0' height='10.0'/>
</home>